{
  "Jan": 39.85275817250289,
  "Feb": 70.91295978640147,
  "Mar": 82.34366875407711,
  "Apr": 78.52451247748056,
  "May": 93.62494317774248,
  "Jun": 111.92904687527033,
  "Jul": 106.70994674708291,
  "Aug": 122.85084388829594,
  "Sep": 170.20187970776666,
  "Oct": 0,
  "Nov": 0,
  "Dec": 0
}